{"cameraMode":{"drawMode":0,"name":"Shaded","section":"Shading Mode"},"sceneLighting":false,"audioPlay":false,"sceneViewState":{"m_AlwaysRefresh":false,"showFog":true,"showSkybox":false,"showFlares":true,"showImageEffects":true,"showParticleSystems":true,"showVisualEffectGraphs":true,"m_FxEnabled":true},"in2DMode":false,"pivot":{"x":0.0005666017532348633,"y":1.3093262910842896,"z":-0.036025166511535647},"rotation":{"x":-0.22290833294391633,"y":0.3681803047657013,"z":-0.09139285236597061,"w":-0.8980010151863098},"size":1.1236540079116822,"orthographic":false}